Model,MAE,RMSE
LSTM,26.200292587280273,39.890126196450545
GRU,25.987550735473633,39.778854933302036
XGB,26.23723793029785,40.27730870700881
